#Time (s), WaterFlux (m3)
1.0000e+00,2.000000e+00
3.0000e+00,4.000000e+00
5.0000e+00,6.000000e+00
7.0000e+00,8.000000e+00
9.0000e+00,1.000000e+01
